INSERT INTO _TOURNAMENTS (_ID, _NAME)
VALUES (1, 'Beispiel');

INSERT INTO _CLUBS (_ID, _NAME)
VALUES (1, 'TuS Ickern');
INSERT INTO _CLUBS (_ID, _NAME)
VALUES (2, 'TB Rauxel');
INSERT INTO _CLUBS (_ID, _NAME)
VALUES (3, 'CTV');
INSERT INTO _CLUBS (_ID, _NAME)
VALUES (4, 'HKC');

INSERT INTO _PERSONS (_ID, _DATE_OF_BIRTH, _FIRST_NAME, _LAST_NAME, _GENDER)
VALUES (1, '2011-11-30', 'A-Firstname', 'A-Lastname', 'MALE');
INSERT INTO _OPPONENTS (_ID, _STATUS, DTYPE)
VALUES (1, 'ACTIVE', 'Player');
INSERT INTO _PLAYERS (_ID, _PERSON_ID, _CLUB_ID)
VALUES (1, 1, 1);
INSERT INTO _TOURNAMENT_OPPONENTS (_TOURNAMENT_ID, _OPPONENT_ID)
VALUES (1, 1);

INSERT INTO _PERSONS (_ID, _DATE_OF_BIRTH, _FIRST_NAME, _LAST_NAME, _GENDER)
VALUES (2, '2011-10-30', 'B-Firstname', 'B-Lastname', 'MALE');
INSERT INTO _OPPONENTS (_ID, _STATUS, DTYPE)
VALUES (2, 'ACTIVE', 'Player');
INSERT INTO _PLAYERS (_ID, _PERSON_ID, _CLUB_ID)
VALUES (2, 2, 1);
INSERT INTO _TOURNAMENT_OPPONENTS (_TOURNAMENT_ID, _OPPONENT_ID)
VALUES (1, 2);

INSERT INTO _PERSONS (_ID, _DATE_OF_BIRTH, _FIRST_NAME, _LAST_NAME, _GENDER)
VALUES (3, '2011-09-30', 'C-Firstname', 'C-Lastname', 'MALE');
INSERT INTO _OPPONENTS (_ID, _STATUS, DTYPE)
VALUES (3, 'ACTIVE', 'Player');
INSERT INTO _PLAYERS (_ID, _PERSON_ID, _CLUB_ID)
VALUES (3, 3, 2);
INSERT INTO _TOURNAMENT_OPPONENTS (_TOURNAMENT_ID, _OPPONENT_ID)
VALUES (1, 3);

INSERT INTO _PERSONS (_ID, _DATE_OF_BIRTH, _FIRST_NAME, _LAST_NAME, _GENDER)
VALUES (4, '2011-08-30', 'D-Firstname', 'D-Lastname', 'MALE');
INSERT INTO _OPPONENTS (_ID, _STATUS, DTYPE)
VALUES (4, 'ACTIVE', 'Player');
INSERT INTO _PLAYERS (_ID, _PERSON_ID, _CLUB_ID)
VALUES (4, 4, 2);
INSERT INTO _TOURNAMENT_OPPONENTS (_TOURNAMENT_ID, _OPPONENT_ID)
VALUES (1, 4);

INSERT INTO _PERSONS (_ID, _DATE_OF_BIRTH, _FIRST_NAME, _LAST_NAME, _GENDER)
VALUES (5, '2011-07-30', 'E-Firstname', 'E-Lastname', 'MALE');
INSERT INTO _OPPONENTS (_ID, _STATUS, DTYPE)
VALUES (5, 'ACTIVE', 'Player');
INSERT INTO _PLAYERS (_ID, _PERSON_ID, _CLUB_ID)
VALUES (5, 5, 2);
INSERT INTO _TOURNAMENT_OPPONENTS (_TOURNAMENT_ID, _OPPONENT_ID)
VALUES (1, 5);

INSERT INTO _PERSONS (_ID, _DATE_OF_BIRTH, _FIRST_NAME, _LAST_NAME, _GENDER)
VALUES (6, '2011-06-30', 'F-Firstname', 'F-Lastname', 'MALE');
INSERT INTO _OPPONENTS (_ID, _STATUS, DTYPE)
VALUES (6, 'ACTIVE', 'Player');
INSERT INTO _PLAYERS (_ID, _PERSON_ID, _CLUB_ID)
VALUES (6, 6, 2);
INSERT INTO _TOURNAMENT_OPPONENTS (_TOURNAMENT_ID, _OPPONENT_ID)
VALUES (1, 6);

INSERT INTO _PERSONS (_ID, _DATE_OF_BIRTH, _FIRST_NAME, _LAST_NAME, _GENDER)
VALUES (7, '2011-05-30', 'G-Firstname', 'G-Lastname', 'MALE');
INSERT INTO _OPPONENTS (_ID, _STATUS, DTYPE)
VALUES (7, 'ACTIVE', 'Player');
INSERT INTO _PLAYERS (_ID, _PERSON_ID, _CLUB_ID)
VALUES (7, 7, 2);
INSERT INTO _TOURNAMENT_OPPONENTS (_TOURNAMENT_ID, _OPPONENT_ID)
VALUES (1, 7);

INSERT INTO _PERSONS (_ID, _DATE_OF_BIRTH, _FIRST_NAME, _LAST_NAME, _GENDER)
VALUES (8, '2011-04-30', 'H-Firstname', 'H-Lastname', 'MALE');
INSERT INTO _OPPONENTS (_ID, _STATUS, DTYPE)
VALUES (8, 'ACTIVE', 'Player');
INSERT INTO _PLAYERS (_ID, _PERSON_ID, _CLUB_ID)
VALUES (8, 8, 4);
INSERT INTO _TOURNAMENT_OPPONENTS (_TOURNAMENT_ID, _OPPONENT_ID)
VALUES (1, 8);

INSERT INTO _PERSONS (_ID, _DATE_OF_BIRTH, _FIRST_NAME, _LAST_NAME, _GENDER)
VALUES (9, '2011-09-30', 'I-Firstname', 'I-Lastname', 'MALE');
INSERT INTO _OPPONENTS (_ID, _STATUS, DTYPE)
VALUES (9, 'ACTIVE', 'Player');
INSERT INTO _PLAYERS (_ID, _PERSON_ID, _CLUB_ID)
VALUES (9, 9, 3);
INSERT INTO _TOURNAMENT_OPPONENTS (_TOURNAMENT_ID, _OPPONENT_ID)
VALUES (1, 9);

INSERT INTO _PERSONS (_ID, _DATE_OF_BIRTH, _FIRST_NAME, _LAST_NAME, _GENDER)
VALUES (10, '2011-09-30', 'J-Firstname', 'J-Lastname', 'MALE');
INSERT INTO _OPPONENTS (_ID, _STATUS, DTYPE)
VALUES (10, 'ACTIVE', 'Player');
INSERT INTO _PLAYERS (_ID, _PERSON_ID, _CLUB_ID)
VALUES (10, 10, 3);
INSERT INTO _TOURNAMENT_OPPONENTS (_TOURNAMENT_ID, _OPPONENT_ID)
VALUES (1, 10);

INSERT INTO _PERSONS (_ID, _DATE_OF_BIRTH, _FIRST_NAME, _LAST_NAME, _GENDER)
VALUES (11, '2011-09-30', 'K-Firstname', 'K-Lastname', 'MALE');
INSERT INTO _OPPONENTS (_ID, _STATUS, DTYPE)
VALUES (11, 'ACTIVE', 'Player');
INSERT INTO _PLAYERS (_ID, _PERSON_ID, _CLUB_ID)
VALUES (11, 11, 3);
INSERT INTO _TOURNAMENT_OPPONENTS (_TOURNAMENT_ID, _OPPONENT_ID)
VALUES (1, 11);

INSERT INTO _PERSONS (_ID, _DATE_OF_BIRTH, _FIRST_NAME, _LAST_NAME, _GENDER)
VALUES (12, '2011-09-30', 'L-Firstname', 'L-Lastname', 'MALE');
INSERT INTO _OPPONENTS (_ID, _STATUS, DTYPE)
VALUES (12, 'ACTIVE', 'Player');
INSERT INTO _PLAYERS (_ID, _PERSON_ID, _CLUB_ID)
VALUES (12, 12, 3);
INSERT INTO _TOURNAMENT_OPPONENTS (_TOURNAMENT_ID, _OPPONENT_ID)
VALUES (1, 12);

INSERT INTO _DISCIPLINES (_ID, _NAME)
VALUES (1, 'HE-A');
INSERT INTO _RESTRICTIONS (_ID, DTYPE)
VALUES (1, 'AgeRestriction');
INSERT INTO _RESTRICTIONS (_ID, DTYPE)
VALUES (2, 'GenderRestriction');
INSERT INTO _RESTRICTIONS (_ID, DTYPE)
VALUES (3, 'OpponentTypeRestriction');
INSERT INTO _AGE_RESTRICTIONS (_ID, _MIN_DATE_OF_BIRTH, _MAX_DATE_OF_BIRTH)
VALUES (1, '2010-12-31', '2011-12-31');
INSERT INTO _GENDER_RESTRICTIONS (_ID, _GENDER)
VALUES (2, 'MALE');

INSERT INTO _OPPONENT_TYPE_RESTRICTIONS (_ID, _OPPONENT_TYPE)
VALUES (3, 'PLAYER');
INSERT INTO _DISCIPLINES_RESTRICTIONS (_DISCIPLINE_ID, _RESTRICTION_ID)
VALUES (1, 1);
INSERT INTO _DISCIPLINES_RESTRICTIONS (_DISCIPLINE_ID, _RESTRICTION_ID)
VALUES (1, 2);

INSERT INTO _DISCIPLINES_RESTRICTIONS (_DISCIPLINE_ID, _RESTRICTION_ID)
VALUES (1, 3);

INSERT INTO _TOURNAMENT_DISCIPLINES (_TOURNAMENT_ID, _DISCIPLINE_ID)
VALUES (1, 1);

INSERT INTO _DISCIPLINES_OPPONENTS (_DISCIPLINE_ID, _OPPONENT_ID)
VALUES (1, 1);
INSERT INTO _DISCIPLINES_OPPONENTS (_DISCIPLINE_ID, _OPPONENT_ID)
VALUES (1, 2);
INSERT INTO _DISCIPLINES_OPPONENTS (_DISCIPLINE_ID, _OPPONENT_ID)
VALUES (1, 3);
INSERT INTO _DISCIPLINES_OPPONENTS (_DISCIPLINE_ID, _OPPONENT_ID)
VALUES (1, 4);
INSERT INTO _DISCIPLINES_OPPONENTS (_DISCIPLINE_ID, _OPPONENT_ID)
VALUES (1, 5);
INSERT INTO _DISCIPLINES_OPPONENTS (_DISCIPLINE_ID, _OPPONENT_ID)
VALUES (1, 6);

--   <_TOURNAMENT_DISCIPLINES _TOURNAMENT_ID="1" _DISCIPLINE_ID="1" />
--
--   <_ROUNDS _ID="1" _POSITION="1" _QUALIFIED="0" _SYSTEM="ROUND_ROBIN" />
--   <_ROUNDS _ID="2" _POSITION="2" _QUALIFIED="0" _SYSTEM="ROUND_ROBIN" />
--   <_ROUNDS _ID="3" _POSITION="3" _QUALIFIED="0" _SYSTEM="ROUND_ROBIN" />
--   <_DISCIPLINES_ROUNDS _DISCIPLINE_ID="1" _ROUND_ID="1" />
--   <_DISCIPLINES_ROUNDS _DISCIPLINE_ID="1" _ROUND_ID="2" />
--   <_DISCIPLINES_ROUNDS _DISCIPLINE_ID="1" _ROUND_ID="3" />
